timestamp, name, memory.total [MiB], memory.used [MiB], utilization.gpu [%], utilization.memory [%]
2018/01/17 10:01:24.291, Tesla M60, 7613 MiB, 0 MiB, 99 %, 8 %
2018/01/17 10:01:24.392, Tesla M60, 7613 MiB, 0 MiB, 84 %, 7 %
2018/01/17 10:01:24.492, Tesla M60, 7613 MiB, 0 MiB, 0 %, 0 %
2018/01/17 10:01:24.593, Tesla M60, 7613 MiB, 83 MiB, 0 %, 0 %
2018/01/17 10:01:24.693, Tesla M60, 7613 MiB, 106 MiB, 2 %, 0 %
2018/01/17 10:01:24.794, Tesla M60, 7613 MiB, 106 MiB, 2 %, 0 %
2018/01/17 10:01:24.894, Tesla M60, 7613 MiB, 383 MiB, 6 %, 0 %
2018/01/17 10:01:24.994, Tesla M60, 7613 MiB, 402 MiB, 10 %, 0 %
2018/01/17 10:01:25.095, Tesla M60, 7613 MiB, 426 MiB, 10 %, 0 %
2018/01/17 10:01:25.195, Tesla M60, 7613 MiB, 441 MiB, 10 %, 0 %
2018/01/17 10:01:25.296, Tesla M60, 7613 MiB, 441 MiB, 10 %, 0 %
2018/01/17 10:01:25.396, Tesla M60, 7613 MiB, 2836 MiB, 6 %, 0 %
2018/01/17 10:01:25.496, Tesla M60, 7613 MiB, 3809 MiB, 83 %, 62 %
2018/01/17 10:01:25.597, Tesla M60, 7613 MiB, 3809 MiB, 83 %, 62 %
2018/01/17 10:01:25.697, Tesla M60, 7613 MiB, 3820 MiB, 95 %, 30 %
2018/01/17 10:01:25.797, Tesla M60, 7613 MiB, 3835 MiB, 95 %, 30 %
2018/01/17 10:01:25.898, Tesla M60, 7613 MiB, 4795 MiB, 16 %, 1 %
2018/01/17 10:01:25.998, Tesla M60, 7613 MiB, 4795 MiB, 100 %, 24 %
2018/01/17 10:01:26.098, Tesla M60, 7613 MiB, 4795 MiB, 100 %, 24 %
2018/01/17 10:01:26.199, Tesla M60, 7613 MiB, 4795 MiB, 100 %, 74 %
2018/01/17 10:01:26.299, Tesla M60, 7613 MiB, 4795 MiB, 100 %, 74 %
2018/01/17 10:01:26.399, Tesla M60, 7613 MiB, 4795 MiB, 96 %, 72 %
2018/01/17 10:01:26.499, Tesla M60, 7613 MiB, 4795 MiB, 94 %, 62 %
2018/01/17 10:01:26.600, Tesla M60, 7613 MiB, 4795 MiB, 94 %, 62 %
2018/01/17 10:01:26.700, Tesla M60, 7613 MiB, 4795 MiB, 100 %, 23 %
2018/01/17 10:01:26.800, Tesla M60, 7613 MiB, 4795 MiB, 100 %, 23 %
2018/01/17 10:01:26.901, Tesla M60, 7613 MiB, 4795 MiB, 100 %, 60 %
2018/01/17 10:01:27.001, Tesla M60, 7613 MiB, 4795 MiB, 100 %, 66 %
2018/01/17 10:01:27.101, Tesla M60, 7613 MiB, 4795 MiB, 100 %, 66 %
2018/01/17 10:01:27.202, Tesla M60, 7613 MiB, 4795 MiB, 96 %, 79 %
2018/01/17 10:01:27.302, Tesla M60, 7613 MiB, 4795 MiB, 96 %, 79 %
2018/01/17 10:01:27.402, Tesla M60, 7613 MiB, 4795 MiB, 100 %, 35 %
2018/01/17 10:01:27.503, Tesla M60, 7613 MiB, 4795 MiB, 100 %, 32 %
2018/01/17 10:01:27.603, Tesla M60, 7613 MiB, 4795 MiB, 100 %, 32 %
2018/01/17 10:01:27.703, Tesla M60, 7613 MiB, 4795 MiB, 100 %, 70 %
2018/01/17 10:01:27.803, Tesla M60, 7613 MiB, 4795 MiB, 100 %, 67 %
2018/01/17 10:01:27.904, Tesla M60, 7613 MiB, 4795 MiB, 100 %, 82 %
2018/01/17 10:01:28.004, Tesla M60, 7613 MiB, 4795 MiB, 100 %, 54 %
2018/01/17 10:01:28.104, Tesla M60, 7613 MiB, 4795 MiB, 100 %, 54 %
2018/01/17 10:01:28.205, Tesla M60, 7613 MiB, 4795 MiB, 100 %, 26 %
2018/01/17 10:01:28.305, Tesla M60, 7613 MiB, 4795 MiB, 100 %, 26 %
2018/01/17 10:01:28.405, Tesla M60, 7613 MiB, 4795 MiB, 100 %, 65 %
2018/01/17 10:01:28.506, Tesla M60, 7613 MiB, 4795 MiB, 100 %, 60 %
2018/01/17 10:01:28.606, Tesla M60, 7613 MiB, 4795 MiB, 100 %, 60 %
2018/01/17 10:01:28.706, Tesla M60, 7613 MiB, 4795 MiB, 100 %, 82 %
2018/01/17 10:01:28.806, Tesla M60, 7613 MiB, 4795 MiB, 100 %, 80 %
2018/01/17 10:01:28.907, Tesla M60, 7613 MiB, 4795 MiB, 100 %, 25 %
2018/01/17 10:01:29.007, Tesla M60, 7613 MiB, 4795 MiB, 100 %, 49 %
2018/01/17 10:01:29.107, Tesla M60, 7613 MiB, 4795 MiB, 100 %, 48 %
2018/01/17 10:01:29.208, Tesla M60, 7613 MiB, 4795 MiB, 100 %, 67 %
2018/01/17 10:01:29.308, Tesla M60, 7613 MiB, 4795 MiB, 100 %, 67 %
2018/01/17 10:01:29.408, Tesla M60, 7613 MiB, 4795 MiB, 100 %, 85 %
2018/01/17 10:01:29.509, Tesla M60, 7613 MiB, 4795 MiB, 100 %, 40 %
2018/01/17 10:01:29.609, Tesla M60, 7613 MiB, 4795 MiB, 100 %, 40 %
2018/01/17 10:01:29.709, Tesla M60, 7613 MiB, 4795 MiB, 100 %, 27 %
2018/01/17 10:01:29.809, Tesla M60, 7613 MiB, 4795 MiB, 100 %, 27 %
2018/01/17 10:01:29.910, Tesla M60, 7613 MiB, 4795 MiB, 100 %, 73 %
2018/01/17 10:01:30.010, Tesla M60, 7613 MiB, 4795 MiB, 100 %, 73 %
2018/01/17 10:01:30.110, Tesla M60, 7613 MiB, 4795 MiB, 100 %, 73 %
2018/01/17 10:01:30.211, Tesla M60, 7613 MiB, 4795 MiB, 100 %, 63 %
2018/01/17 10:01:30.311, Tesla M60, 7613 MiB, 4795 MiB, 100 %, 63 %
2018/01/17 10:01:30.411, Tesla M60, 7613 MiB, 4795 MiB, 100 %, 24 %
2018/01/17 10:01:30.512, Tesla M60, 7613 MiB, 4795 MiB, 100 %, 63 %
2018/01/17 10:01:30.612, Tesla M60, 7613 MiB, 4795 MiB, 100 %, 62 %
2018/01/17 10:01:30.712, Tesla M60, 7613 MiB, 4795 MiB, 100 %, 61 %
2018/01/17 10:01:30.812, Tesla M60, 7613 MiB, 4795 MiB, 100 %, 61 %
2018/01/17 10:01:30.913, Tesla M60, 7613 MiB, 4795 MiB, 100 %, 84 %
2018/01/17 10:01:31.013, Tesla M60, 7613 MiB, 4795 MiB, 100 %, 30 %
2018/01/17 10:01:31.113, Tesla M60, 7613 MiB, 4795 MiB, 100 %, 29 %
2018/01/17 10:01:31.214, Tesla M60, 7613 MiB, 4795 MiB, 100 %, 46 %
2018/01/17 10:01:31.314, Tesla M60, 7613 MiB, 4795 MiB, 100 %, 45 %
2018/01/17 10:01:31.414, Tesla M60, 7613 MiB, 4795 MiB, 100 %, 67 %
2018/01/17 10:01:31.514, Tesla M60, 7613 MiB, 4795 MiB, 100 %, 81 %
2018/01/17 10:01:31.615, Tesla M60, 7613 MiB, 4795 MiB, 100 %, 81 %
2018/01/17 10:01:31.715, Tesla M60, 7613 MiB, 4795 MiB, 100 %, 47 %
2018/01/17 10:01:31.815, Tesla M60, 7613 MiB, 4795 MiB, 100 %, 46 %
2018/01/17 10:01:31.916, Tesla M60, 7613 MiB, 4795 MiB, 100 %, 26 %
2018/01/17 10:01:32.016, Tesla M60, 7613 MiB, 4795 MiB, 100 %, 69 %
2018/01/17 10:01:32.116, Tesla M60, 7613 MiB, 4795 MiB, 100 %, 69 %
2018/01/17 10:01:32.217, Tesla M60, 7613 MiB, 4795 MiB, 100 %, 71 %
2018/01/17 10:01:32.317, Tesla M60, 7613 MiB, 4795 MiB, 100 %, 70 %
2018/01/17 10:01:32.417, Tesla M60, 7613 MiB, 4795 MiB, 100 %, 65 %
2018/01/17 10:01:32.517, Tesla M60, 7613 MiB, 4795 MiB, 100 %, 24 %
2018/01/17 10:01:32.618, Tesla M60, 7613 MiB, 4795 MiB, 100 %, 23 %
2018/01/17 10:01:32.718, Tesla M60, 7613 MiB, 4795 MiB, 100 %, 58 %
2018/01/17 10:01:32.818, Tesla M60, 7613 MiB, 4795 MiB, 100 %, 58 %
2018/01/17 10:01:32.919, Tesla M60, 7613 MiB, 4795 MiB, 100 %, 66 %
2018/01/17 10:01:33.019, Tesla M60, 7613 MiB, 4795 MiB, 100 %, 82 %
2018/01/17 10:01:33.119, Tesla M60, 7613 MiB, 4795 MiB, 100 %, 82 %
2018/01/17 10:01:33.219, Tesla M60, 7613 MiB, 4795 MiB, 100 %, 35 %
2018/01/17 10:01:33.320, Tesla M60, 7613 MiB, 4795 MiB, 100 %, 33 %
2018/01/17 10:01:33.420, Tesla M60, 7613 MiB, 4795 MiB, 100 %, 32 %
2018/01/17 10:01:33.520, Tesla M60, 7613 MiB, 4795 MiB, 100 %, 68 %
2018/01/17 10:01:33.621, Tesla M60, 7613 MiB, 4795 MiB, 100 %, 68 %
2018/01/17 10:01:33.721, Tesla M60, 7613 MiB, 4795 MiB, 100 %, 81 %
2018/01/17 10:01:33.821, Tesla M60, 7613 MiB, 4795 MiB, 100 %, 79 %
2018/01/17 10:01:33.922, Tesla M60, 7613 MiB, 4795 MiB, 100 %, 52 %
2018/01/17 10:01:34.022, Tesla M60, 7613 MiB, 4795 MiB, 100 %, 25 %
2018/01/17 10:01:34.122, Tesla M60, 7613 MiB, 4795 MiB, 100 %, 25 %
2018/01/17 10:01:34.222, Tesla M60, 7613 MiB, 4795 MiB, 100 %, 67 %
2018/01/17 10:01:34.323, Tesla M60, 7613 MiB, 4795 MiB, 100 %, 64 %
2018/01/17 10:01:34.423, Tesla M60, 7613 MiB, 4795 MiB, 100 %, 59 %
2018/01/17 10:01:34.523, Tesla M60, 7613 MiB, 4795 MiB, 100 %, 81 %
2018/01/17 10:01:34.624, Tesla M60, 7613 MiB, 4795 MiB, 100 %, 81 %
2018/01/17 10:01:34.724, Tesla M60, 7613 MiB, 4795 MiB, 100 %, 25 %
2018/01/17 10:01:34.824, Tesla M60, 7613 MiB, 4795 MiB, 100 %, 25 %
2018/01/17 10:01:34.924, Tesla M60, 7613 MiB, 4795 MiB, 100 %, 48 %
2018/01/17 10:01:35.025, Tesla M60, 7613 MiB, 4795 MiB, 100 %, 66 %
2018/01/17 10:01:35.125, Tesla M60, 7613 MiB, 4795 MiB, 100 %, 64 %
2018/01/17 10:01:35.225, Tesla M60, 7613 MiB, 4795 MiB, 100 %, 86 %
2018/01/17 10:01:35.326, Tesla M60, 7613 MiB, 4795 MiB, 100 %, 84 %
2018/01/17 10:01:35.426, Tesla M60, 7613 MiB, 4795 MiB, 100 %, 42 %
2018/01/17 10:01:35.526, Tesla M60, 7613 MiB, 4795 MiB, 100 %, 27 %
2018/01/17 10:01:35.627, Tesla M60, 7613 MiB, 4795 MiB, 100 %, 27 %
2018/01/17 10:01:35.727, Tesla M60, 7613 MiB, 4795 MiB, 100 %, 72 %
2018/01/17 10:01:35.827, Tesla M60, 7613 MiB, 4795 MiB, 100 %, 68 %
2018/01/17 10:01:35.927, Tesla M60, 7613 MiB, 4795 MiB, 100 %, 71 %
2018/01/17 10:01:36.028, Tesla M60, 7613 MiB, 4795 MiB, 100 %, 65 %
2018/01/17 10:01:36.128, Tesla M60, 7613 MiB, 4795 MiB, 100 %, 65 %
2018/01/17 10:01:36.228, Tesla M60, 7613 MiB, 4795 MiB, 100 %, 22 %
2018/01/17 10:01:36.329, Tesla M60, 7613 MiB, 4795 MiB, 100 %, 21 %
2018/01/17 10:01:36.429, Tesla M60, 7613 MiB, 4795 MiB, 100 %, 65 %
2018/01/17 10:01:36.529, Tesla M60, 7613 MiB, 4795 MiB, 100 %, 63 %
2018/01/17 10:01:36.630, Tesla M60, 7613 MiB, 4795 MiB, 100 %, 63 %
2018/01/17 10:01:36.730, Tesla M60, 7613 MiB, 4795 MiB, 100 %, 80 %
2018/01/17 10:01:36.830, Tesla M60, 7613 MiB, 4795 MiB, 100 %, 80 %
2018/01/17 10:01:36.930, Tesla M60, 7613 MiB, 4795 MiB, 100 %, 28 %
2018/01/17 10:01:37.031, Tesla M60, 7613 MiB, 4795 MiB, 100 %, 43 %
2018/01/17 10:01:37.131, Tesla M60, 7613 MiB, 4795 MiB, 100 %, 40 %
2018/01/17 10:01:37.231, Tesla M60, 7613 MiB, 4795 MiB, 100 %, 65 %
2018/01/17 10:01:37.332, Tesla M60, 7613 MiB, 4795 MiB, 100 %, 65 %
2018/01/17 10:01:37.432, Tesla M60, 7613 MiB, 4795 MiB, 100 %, 81 %
2018/01/17 10:01:37.532, Tesla M60, 7613 MiB, 4795 MiB, 100 %, 49 %
2018/01/17 10:01:37.633, Tesla M60, 7613 MiB, 4795 MiB, 100 %, 48 %
2018/01/17 10:01:37.733, Tesla M60, 7613 MiB, 4795 MiB, 100 %, 26 %
2018/01/17 10:01:37.833, Tesla M60, 7613 MiB, 4795 MiB, 100 %, 26 %
2018/01/17 10:01:37.933, Tesla M60, 7613 MiB, 4795 MiB, 100 %, 67 %
2018/01/17 10:01:38.034, Tesla M60, 7613 MiB, 4795 MiB, 100 %, 71 %
2018/01/17 10:01:38.134, Tesla M60, 7613 MiB, 4795 MiB, 100 %, 71 %
2018/01/17 10:01:38.234, Tesla M60, 7613 MiB, 4795 MiB, 100 %, 68 %
2018/01/17 10:01:38.335, Tesla M60, 7613 MiB, 4795 MiB, 100 %, 68 %
2018/01/17 10:01:38.435, Tesla M60, 7613 MiB, 4795 MiB, 100 %, 22 %
2018/01/17 10:01:38.535, Tesla M60, 7613 MiB, 4795 MiB, 100 %, 60 %
2018/01/17 10:01:38.636, Tesla M60, 7613 MiB, 4795 MiB, 100 %, 58 %
2018/01/17 10:01:38.736, Tesla M60, 7613 MiB, 4795 MiB, 100 %, 64 %
2018/01/17 10:01:38.836, Tesla M60, 7613 MiB, 4795 MiB, 100 %, 64 %
2018/01/17 10:01:38.936, Tesla M60, 7613 MiB, 4795 MiB, 100 %, 83 %
2018/01/17 10:01:39.037, Tesla M60, 7613 MiB, 4795 MiB, 100 %, 35 %
2018/01/17 10:01:39.137, Tesla M60, 7613 MiB, 4795 MiB, 100 %, 32 %
2018/01/17 10:01:39.237, Tesla M60, 7613 MiB, 4795 MiB, 100 %, 32 %
2018/01/17 10:01:39.338, Tesla M60, 7613 MiB, 4795 MiB, 100 %, 31 %
2018/01/17 10:01:39.438, Tesla M60, 7613 MiB, 4795 MiB, 100 %, 69 %
2018/01/17 10:01:39.538, Tesla M60, 7613 MiB, 4795 MiB, 100 %, 81 %
2018/01/17 10:01:39.639, Tesla M60, 7613 MiB, 4795 MiB, 100 %, 81 %
2018/01/17 10:01:39.739, Tesla M60, 7613 MiB, 4795 MiB, 100 %, 54 %
2018/01/17 10:01:39.839, Tesla M60, 7613 MiB, 4795 MiB, 100 %, 53 %
2018/01/17 10:01:39.939, Tesla M60, 7613 MiB, 4795 MiB, 100 %, 25 %
2018/01/17 10:01:40.040, Tesla M60, 7613 MiB, 4795 MiB, 100 %, 66 %
2018/01/17 10:01:40.140, Tesla M60, 7613 MiB, 4795 MiB, 100 %, 66 %
2018/01/17 10:01:40.240, Tesla M60, 7613 MiB, 4795 MiB, 100 %, 61 %
2018/01/17 10:01:40.341, Tesla M60, 7613 MiB, 4795 MiB, 100 %, 61 %
2018/01/17 10:01:40.441, Tesla M60, 7613 MiB, 4795 MiB, 100 %, 81 %
2018/01/17 10:01:40.541, Tesla M60, 7613 MiB, 4795 MiB, 100 %, 26 %
2018/01/17 10:01:40.641, Tesla M60, 7613 MiB, 4795 MiB, 100 %, 25 %
2018/01/17 10:01:40.742, Tesla M60, 7613 MiB, 4795 MiB, 100 %, 46 %
2018/01/17 10:01:40.842, Tesla M60, 7613 MiB, 4795 MiB, 100 %, 46 %
2018/01/17 10:01:40.942, Tesla M60, 7613 MiB, 4795 MiB, 100 %, 62 %
2018/01/17 10:01:41.043, Tesla M60, 7613 MiB, 4795 MiB, 100 %, 87 %
2018/01/17 10:01:41.143, Tesla M60, 7613 MiB, 4795 MiB, 100 %, 85 %
2018/01/17 10:01:41.243, Tesla M60, 7613 MiB, 4795 MiB, 100 %, 42 %
2018/01/17 10:01:41.343, Tesla M60, 7613 MiB, 4795 MiB, 100 %, 39 %
2018/01/17 10:01:41.444, Tesla M60, 7613 MiB, 4795 MiB, 100 %, 28 %
2018/01/17 10:01:41.544, Tesla M60, 7613 MiB, 4795 MiB, 100 %, 72 %
2018/01/17 10:01:41.644, Tesla M60, 7613 MiB, 4795 MiB, 100 %, 70 %
2018/01/17 10:01:41.745, Tesla M60, 7613 MiB, 4795 MiB, 100 %, 70 %
2018/01/17 10:01:41.845, Tesla M60, 7613 MiB, 4795 MiB, 100 %, 67 %
2018/01/17 10:01:41.945, Tesla M60, 7613 MiB, 4795 MiB, 100 %, 65 %
2018/01/17 10:01:42.046, Tesla M60, 7613 MiB, 4795 MiB, 100 %, 23 %
2018/01/17 10:01:42.146, Tesla M60, 7613 MiB, 4795 MiB, 100 %, 22 %
2018/01/17 10:01:42.246, Tesla M60, 7613 MiB, 4795 MiB, 100 %, 64 %
2018/01/17 10:01:42.346, Tesla M60, 7613 MiB, 4795 MiB, 100 %, 64 %
2018/01/17 10:01:42.447, Tesla M60, 7613 MiB, 4795 MiB, 100 %, 62 %
2018/01/17 10:01:42.547, Tesla M60, 7613 MiB, 4795 MiB, 100 %, 84 %
2018/01/17 10:01:42.648, Tesla M60, 7613 MiB, 4795 MiB, 100 %, 82 %
2018/01/17 10:01:42.748, Tesla M60, 7613 MiB, 4795 MiB, 100 %, 31 %
2018/01/17 10:01:42.848, Tesla M60, 7613 MiB, 4795 MiB, 100 %, 41 %
2018/01/17 10:01:42.949, Tesla M60, 7613 MiB, 4795 MiB, 100 %, 38 %
2018/01/17 10:01:43.049, Tesla M60, 7613 MiB, 4795 MiB, 100 %, 66 %
2018/01/17 10:01:43.149, Tesla M60, 7613 MiB, 4795 MiB, 100 %, 66 %
2018/01/17 10:01:43.249, Tesla M60, 7613 MiB, 4795 MiB, 100 %, 81 %
2018/01/17 10:01:43.350, Tesla M60, 7613 MiB, 4795 MiB, 100 %, 50 %
2018/01/17 10:01:43.450, Tesla M60, 7613 MiB, 4795 MiB, 100 %, 50 %
2018/01/17 10:01:43.550, Tesla M60, 7613 MiB, 4795 MiB, 100 %, 24 %
2018/01/17 10:01:43.651, Tesla M60, 7613 MiB, 4795 MiB, 100 %, 24 %
2018/01/17 10:01:43.751, Tesla M60, 7613 MiB, 4795 MiB, 100 %, 69 %
2018/01/17 10:01:43.851, Tesla M60, 7613 MiB, 4795 MiB, 100 %, 64 %
2018/01/17 10:01:43.951, Tesla M60, 7613 MiB, 4795 MiB, 100 %, 64 %
2018/01/17 10:01:44.052, Tesla M60, 7613 MiB, 4795 MiB, 100 %, 76 %
2018/01/17 10:01:44.152, Tesla M60, 7613 MiB, 4795 MiB, 100 %, 74 %
2018/01/17 10:01:44.252, Tesla M60, 7613 MiB, 4795 MiB, 100 %, 24 %
2018/01/17 10:01:44.353, Tesla M60, 7613 MiB, 4795 MiB, 100 %, 49 %
2018/01/17 10:01:44.453, Tesla M60, 7613 MiB, 4795 MiB, 100 %, 48 %
2018/01/17 10:01:44.553, Tesla M60, 7613 MiB, 4795 MiB, 100 %, 67 %
2018/01/17 10:01:44.654, Tesla M60, 7613 MiB, 4795 MiB, 100 %, 67 %
2018/01/17 10:01:44.754, Tesla M60, 7613 MiB, 4795 MiB, 100 %, 86 %
2018/01/17 10:01:44.854, Tesla M60, 7613 MiB, 4795 MiB, 100 %, 38 %
2018/01/17 10:01:44.954, Tesla M60, 7613 MiB, 4795 MiB, 100 %, 37 %
2018/01/17 10:01:45.055, Tesla M60, 7613 MiB, 4795 MiB, 100 %, 28 %
2018/01/17 10:01:45.155, Tesla M60, 7613 MiB, 4795 MiB, 100 %, 28 %
2018/01/17 10:01:45.255, Tesla M60, 7613 MiB, 4795 MiB, 100 %, 73 %
2018/01/17 10:01:45.356, Tesla M60, 7613 MiB, 4795 MiB, 100 %, 75 %
2018/01/17 10:01:45.456, Tesla M60, 7613 MiB, 4795 MiB, 100 %, 73 %
2018/01/17 10:01:45.556, Tesla M60, 7613 MiB, 4795 MiB, 100 %, 61 %
2018/01/17 10:01:45.656, Tesla M60, 7613 MiB, 4795 MiB, 100 %, 61 %
2018/01/17 10:01:45.757, Tesla M60, 7613 MiB, 4795 MiB, 100 %, 24 %
2018/01/17 10:01:45.857, Tesla M60, 7613 MiB, 4795 MiB, 100 %, 62 %
2018/01/17 10:01:45.957, Tesla M60, 7613 MiB, 4795 MiB, 100 %, 60 %
2018/01/17 10:01:46.058, Tesla M60, 7613 MiB, 4795 MiB, 100 %, 62 %
2018/01/17 10:01:46.158, Tesla M60, 7613 MiB, 4795 MiB, 100 %, 62 %
2018/01/17 10:01:46.258, Tesla M60, 7613 MiB, 4795 MiB, 100 %, 85 %
2018/01/17 10:01:46.359, Tesla M60, 7613 MiB, 4795 MiB, 100 %, 28 %
2018/01/17 10:01:46.459, Tesla M60, 7613 MiB, 4795 MiB, 100 %, 26 %
2018/01/17 10:01:46.559, Tesla M60, 7613 MiB, 4795 MiB, 100 %, 47 %
2018/01/17 10:01:46.659, Tesla M60, 7613 MiB, 4795 MiB, 100 %, 44 %
2018/01/17 10:01:46.760, Tesla M60, 7613 MiB, 4795 MiB, 100 %, 63 %
2018/01/17 10:01:46.860, Tesla M60, 7613 MiB, 4795 MiB, 100 %, 83 %
2018/01/17 10:01:46.960, Tesla M60, 7613 MiB, 4795 MiB, 100 %, 83 %
2018/01/17 10:01:47.061, Tesla M60, 7613 MiB, 4795 MiB, 100 %, 47 %
2018/01/17 10:01:47.161, Tesla M60, 7613 MiB, 4795 MiB, 100 %, 45 %
2018/01/17 10:01:47.261, Tesla M60, 7613 MiB, 4795 MiB, 100 %, 26 %
2018/01/17 10:01:47.361, Tesla M60, 7613 MiB, 4795 MiB, 100 %, 70 %
2018/01/17 10:01:47.462, Tesla M60, 7613 MiB, 4795 MiB, 100 %, 70 %
2018/01/17 10:01:47.562, Tesla M60, 7613 MiB, 4795 MiB, 100 %, 72 %
2018/01/17 10:01:47.662, Tesla M60, 7613 MiB, 4795 MiB, 100 %, 72 %
2018/01/17 10:01:47.763, Tesla M60, 7613 MiB, 4795 MiB, 100 %, 66 %
2018/01/17 10:01:47.863, Tesla M60, 7613 MiB, 4795 MiB, 100 %, 24 %
2018/01/17 10:01:47.963, Tesla M60, 7613 MiB, 4795 MiB, 100 %, 22 %
2018/01/17 10:01:48.064, Tesla M60, 7613 MiB, 4795 MiB, 100 %, 59 %
2018/01/17 10:01:48.164, Tesla M60, 7613 MiB, 4795 MiB, 100 %, 59 %
2018/01/17 10:01:48.264, Tesla M60, 7613 MiB, 4795 MiB, 100 %, 66 %
2018/01/17 10:01:48.364, Tesla M60, 7613 MiB, 4795 MiB, 100 %, 82 %
2018/01/17 10:01:48.465, Tesla M60, 7613 MiB, 4795 MiB, 100 %, 82 %
2018/01/17 10:01:48.565, Tesla M60, 7613 MiB, 4795 MiB, 100 %, 34 %
2018/01/17 10:01:48.665, Tesla M60, 7613 MiB, 4795 MiB, 100 %, 32 %
2018/01/17 10:01:48.766, Tesla M60, 7613 MiB, 4795 MiB, 100 %, 34 %
2018/01/17 10:01:48.866, Tesla M60, 7613 MiB, 4795 MiB, 100 %, 66 %
2018/01/17 10:01:48.966, Tesla M60, 7613 MiB, 4795 MiB, 100 %, 66 %
2018/01/17 10:01:49.066, Tesla M60, 7613 MiB, 4795 MiB, 100 %, 82 %
2018/01/17 10:01:49.167, Tesla M60, 7613 MiB, 4795 MiB, 100 %, 82 %
2018/01/17 10:01:49.267, Tesla M60, 7613 MiB, 4795 MiB, 100 %, 53 %
2018/01/17 10:01:49.367, Tesla M60, 7613 MiB, 4795 MiB, 100 %, 26 %
2018/01/17 10:01:49.468, Tesla M60, 7613 MiB, 4795 MiB, 100 %, 25 %
2018/01/17 10:01:49.568, Tesla M60, 7613 MiB, 4795 MiB, 100 %, 68 %
2018/01/17 10:01:49.668, Tesla M60, 7613 MiB, 4795 MiB, 100 %, 67 %
2018/01/17 10:01:49.769, Tesla M60, 7613 MiB, 4795 MiB, 100 %, 60 %
2018/01/17 10:01:49.869, Tesla M60, 7613 MiB, 4795 MiB, 100 %, 81 %
2018/01/17 10:01:49.969, Tesla M60, 7613 MiB, 4795 MiB, 100 %, 79 %
2018/01/17 10:01:50.069, Tesla M60, 7613 MiB, 4795 MiB, 100 %, 25 %
2018/01/17 10:01:50.170, Tesla M60, 7613 MiB, 4795 MiB, 100 %, 24 %
2018/01/17 10:01:50.271, Tesla M60, 7613 MiB, 4795 MiB, 100 %, 47 %
2018/01/17 10:01:50.371, Tesla M60, 7613 MiB, 4795 MiB, 100 %, 67 %
2018/01/17 10:01:50.471, Tesla M60, 7613 MiB, 4795 MiB, 100 %, 65 %
2018/01/17 10:01:50.571, Tesla M60, 7613 MiB, 4795 MiB, 100 %, 85 %
2018/01/17 10:01:50.672, Tesla M60, 7613 MiB, 4795 MiB, 100 %, 83 %
2018/01/17 10:01:50.772, Tesla M60, 7613 MiB, 4795 MiB, 100 %, 43 %
2018/01/17 10:01:50.872, Tesla M60, 7613 MiB, 4795 MiB, 100 %, 27 %
2018/01/17 10:01:50.973, Tesla M60, 7613 MiB, 4795 MiB, 100 %, 27 %
2018/01/17 10:01:51.073, Tesla M60, 7613 MiB, 4795 MiB, 100 %, 71 %
2018/01/17 10:01:51.173, Tesla M60, 7613 MiB, 4795 MiB, 100 %, 70 %
2018/01/17 10:01:51.274, Tesla M60, 7613 MiB, 4795 MiB, 100 %, 71 %
2018/01/17 10:01:51.374, Tesla M60, 7613 MiB, 4795 MiB, 100 %, 65 %
2018/01/17 10:01:51.474, Tesla M60, 7613 MiB, 4795 MiB, 100 %, 65 %
2018/01/17 10:01:51.574, Tesla M60, 7613 MiB, 4795 MiB, 100 %, 22 %
2018/01/17 10:01:51.675, Tesla M60, 7613 MiB, 4795 MiB, 100 %, 22 %
2018/01/17 10:01:51.775, Tesla M60, 7613 MiB, 4795 MiB, 100 %, 65 %
2018/01/17 10:01:51.875, Tesla M60, 7613 MiB, 4795 MiB, 100 %, 65 %
2018/01/17 10:01:51.976, Tesla M60, 7613 MiB, 4795 MiB, 100 %, 65 %
2018/01/17 10:01:52.076, Tesla M60, 7613 MiB, 4795 MiB, 100 %, 79 %
2018/01/17 10:01:52.176, Tesla M60, 7613 MiB, 4795 MiB, 100 %, 79 %
2018/01/17 10:01:52.277, Tesla M60, 7613 MiB, 4795 MiB, 100 %, 31 %
2018/01/17 10:01:52.377, Tesla M60, 7613 MiB, 4795 MiB, 100 %, 42 %
2018/01/17 10:01:52.477, Tesla M60, 7613 MiB, 4795 MiB, 100 %, 40 %
2018/01/17 10:01:52.577, Tesla M60, 7613 MiB, 4795 MiB, 100 %, 71 %
2018/01/17 10:01:52.678, Tesla M60, 7613 MiB, 4795 MiB, 100 %, 70 %
2018/01/17 10:01:52.778, Tesla M60, 7613 MiB, 4795 MiB, 100 %, 79 %
2018/01/17 10:01:52.878, Tesla M60, 7613 MiB, 4795 MiB, 100 %, 50 %
2018/01/17 10:01:52.979, Tesla M60, 7613 MiB, 4795 MiB, 100 %, 49 %
2018/01/17 10:01:53.079, Tesla M60, 7613 MiB, 4795 MiB, 100 %, 25 %
2018/01/17 10:01:53.179, Tesla M60, 7613 MiB, 4795 MiB, 100 %, 25 %
2018/01/17 10:01:53.280, Tesla M60, 7613 MiB, 4795 MiB, 100 %, 68 %
2018/01/17 10:01:53.380, Tesla M60, 7613 MiB, 4795 MiB, 100 %, 66 %
2018/01/17 10:01:53.480, Tesla M60, 7613 MiB, 4795 MiB, 100 %, 66 %
2018/01/17 10:01:53.580, Tesla M60, 7613 MiB, 4795 MiB, 100 %, 74 %
2018/01/17 10:01:53.681, Tesla M60, 7613 MiB, 4795 MiB, 100 %, 74 %
2018/01/17 10:01:53.781, Tesla M60, 7613 MiB, 4795 MiB, 100 %, 23 %
2018/01/17 10:01:53.881, Tesla M60, 7613 MiB, 4795 MiB, 100 %, 53 %
2018/01/17 10:01:53.982, Tesla M60, 7613 MiB, 4795 MiB, 100 %, 52 %
2018/01/17 10:01:54.082, Tesla M60, 7613 MiB, 4795 MiB, 100 %, 68 %
2018/01/17 10:01:54.182, Tesla M60, 7613 MiB, 4795 MiB, 100 %, 68 %
2018/01/17 10:01:54.282, Tesla M60, 7613 MiB, 4795 MiB, 100 %, 84 %
2018/01/17 10:01:54.383, Tesla M60, 7613 MiB, 4795 MiB, 100 %, 38 %
2018/01/17 10:01:54.483, Tesla M60, 7613 MiB, 4795 MiB, 100 %, 36 %
2018/01/17 10:01:54.583, Tesla M60, 7613 MiB, 4795 MiB, 100 %, 27 %
2018/01/17 10:01:54.684, Tesla M60, 7613 MiB, 4795 MiB, 100 %, 27 %
2018/01/17 10:01:54.784, Tesla M60, 7613 MiB, 4795 MiB, 100 %, 71 %
2018/01/17 10:01:54.884, Tesla M60, 7613 MiB, 4795 MiB, 100 %, 76 %
2018/01/17 10:01:54.984, Tesla M60, 7613 MiB, 4795 MiB, 100 %, 76 %
2018/01/17 10:01:55.085, Tesla M60, 7613 MiB, 4795 MiB, 100 %, 61 %
2018/01/17 10:01:55.185, Tesla M60, 7613 MiB, 4795 MiB, 100 %, 61 %
2018/01/17 10:01:55.285, Tesla M60, 7613 MiB, 4795 MiB, 100 %, 24 %
2018/01/17 10:01:55.386, Tesla M60, 7613 MiB, 4795 MiB, 100 %, 63 %
2018/01/17 10:01:55.486, Tesla M60, 7613 MiB, 4795 MiB, 100 %, 61 %
2018/01/17 10:01:55.586, Tesla M60, 7613 MiB, 4795 MiB, 100 %, 61 %
2018/01/17 10:01:55.687, Tesla M60, 7613 MiB, 4795 MiB, 100 %, 61 %
2018/01/17 10:01:55.787, Tesla M60, 7613 MiB, 4795 MiB, 100 %, 81 %
2018/01/17 10:01:55.887, Tesla M60, 7613 MiB, 4795 MiB, 100 %, 29 %
2018/01/17 10:01:55.987, Tesla M60, 7613 MiB, 4795 MiB, 100 %, 27 %
2018/01/17 10:01:56.088, Tesla M60, 7613 MiB, 4795 MiB, 100 %, 43 %
2018/01/17 10:01:56.188, Tesla M60, 7613 MiB, 4795 MiB, 100 %, 43 %
2018/01/17 10:01:56.288, Tesla M60, 7613 MiB, 4795 MiB, 100 %, 63 %
2018/01/17 10:01:56.389, Tesla M60, 7613 MiB, 4795 MiB, 100 %, 82 %
2018/01/17 10:01:56.489, Tesla M60, 7613 MiB, 4795 MiB, 100 %, 80 %
2018/01/17 10:01:56.590, Tesla M60, 7613 MiB, 4795 MiB, 100 %, 50 %
2018/01/17 10:01:56.691, Tesla M60, 7613 MiB, 4795 MiB, 100 %, 48 %
2018/01/17 10:01:56.791, Tesla M60, 7613 MiB, 4795 MiB, 100 %, 24 %
2018/01/17 10:01:56.891, Tesla M60, 7613 MiB, 4795 MiB, 100 %, 67 %
2018/01/17 10:01:56.991, Tesla M60, 7613 MiB, 4795 MiB, 100 %, 67 %
2018/01/17 10:01:57.092, Tesla M60, 7613 MiB, 4795 MiB, 100 %, 68 %
2018/01/17 10:01:57.192, Tesla M60, 7613 MiB, 4795 MiB, 100 %, 68 %
2018/01/17 10:01:57.292, Tesla M60, 7613 MiB, 4795 MiB, 100 %, 72 %
2018/01/17 10:01:57.393, Tesla M60, 7613 MiB, 4795 MiB, 100 %, 23 %
2018/01/17 10:01:57.493, Tesla M60, 7613 MiB, 4795 MiB, 100 %, 22 %
2018/01/17 10:01:57.593, Tesla M60, 7613 MiB, 4795 MiB, 100 %, 53 %
2018/01/17 10:01:57.694, Tesla M60, 7613 MiB, 4795 MiB, 100 %, 53 %
2018/01/17 10:01:57.794, Tesla M60, 7613 MiB, 4795 MiB, 100 %, 64 %
2018/01/17 10:01:57.894, Tesla M60, 7613 MiB, 4795 MiB, 100 %, 87 %
2018/01/17 10:01:57.994, Tesla M60, 7613 MiB, 4795 MiB, 100 %, 86 %
2018/01/17 10:01:58.095, Tesla M60, 7613 MiB, 4795 MiB, 100 %, 35 %
2018/01/17 10:01:58.195, Tesla M60, 7613 MiB, 4795 MiB, 100 %, 35 %
2018/01/17 10:01:58.295, Tesla M60, 7613 MiB, 4795 MiB, 100 %, 26 %
2018/01/17 10:01:58.396, Tesla M60, 7613 MiB, 4795 MiB, 100 %, 68 %
2018/01/17 10:01:58.496, Tesla M60, 7613 MiB, 4795 MiB, 100 %, 68 %
2018/01/17 10:01:58.596, Tesla M60, 7613 MiB, 4795 MiB, 100 %, 76 %
2018/01/17 10:01:58.697, Tesla M60, 7613 MiB, 4795 MiB, 100 %, 76 %
2018/01/17 10:01:58.797, Tesla M60, 7613 MiB, 4795 MiB, 100 %, 61 %
2018/01/17 10:01:58.897, Tesla M60, 7613 MiB, 4795 MiB, 100 %, 24 %
2018/01/17 10:01:58.997, Tesla M60, 7613 MiB, 4795 MiB, 100 %, 23 %
2018/01/17 10:01:59.098, Tesla M60, 7613 MiB, 4795 MiB, 100 %, 64 %
2018/01/17 10:01:59.198, Tesla M60, 7613 MiB, 4795 MiB, 100 %, 62 %
2018/01/17 10:01:59.298, Tesla M60, 7613 MiB, 4795 MiB, 100 %, 63 %
2018/01/17 10:01:59.399, Tesla M60, 7613 MiB, 4795 MiB, 100 %, 81 %
2018/01/17 10:01:59.499, Tesla M60, 7613 MiB, 4795 MiB, 100 %, 78 %
2018/01/17 10:01:59.599, Tesla M60, 7613 MiB, 4795 MiB, 100 %, 30 %
2018/01/17 10:01:59.700, Tesla M60, 7613 MiB, 4795 MiB, 100 %, 28 %
2018/01/17 10:01:59.800, Tesla M60, 7613 MiB, 4795 MiB, 100 %, 41 %
2018/01/17 10:01:59.900, Tesla M60, 7613 MiB, 4795 MiB, 100 %, 65 %
2018/01/17 10:02:00.000, Tesla M60, 7613 MiB, 4795 MiB, 100 %, 65 %
2018/01/17 10:02:00.101, Tesla M60, 7613 MiB, 4795 MiB, 100 %, 81 %
2018/01/17 10:02:00.201, Tesla M60, 7613 MiB, 4795 MiB, 100 %, 79 %
2018/01/17 10:02:00.301, Tesla M60, 7613 MiB, 4795 MiB, 100 %, 49 %
2018/01/17 10:02:00.402, Tesla M60, 7613 MiB, 4795 MiB, 100 %, 25 %
2018/01/17 10:02:00.502, Tesla M60, 7613 MiB, 4795 MiB, 100 %, 25 %
2018/01/17 10:02:00.602, Tesla M60, 7613 MiB, 4795 MiB, 100 %, 70 %
2018/01/17 10:02:00.703, Tesla M60, 7613 MiB, 4795 MiB, 100 %, 67 %
2018/01/17 10:02:00.803, Tesla M60, 7613 MiB, 4795 MiB, 100 %, 66 %
2018/01/17 10:02:00.903, Tesla M60, 7613 MiB, 4795 MiB, 100 %, 74 %
2018/01/17 10:02:01.003, Tesla M60, 7613 MiB, 4795 MiB, 100 %, 74 %
2018/01/17 10:02:01.104, Tesla M60, 7613 MiB, 4795 MiB, 100 %, 23 %
2018/01/17 10:02:01.204, Tesla M60, 7613 MiB, 4795 MiB, 100 %, 22 %
2018/01/17 10:02:01.304, Tesla M60, 7613 MiB, 4795 MiB, 100 %, 53 %
2018/01/17 10:02:01.405, Tesla M60, 7613 MiB, 4795 MiB, 100 %, 69 %
2018/01/17 10:02:01.505, Tesla M60, 7613 MiB, 4795 MiB, 100 %, 66 %
2018/01/17 10:02:01.605, Tesla M60, 7613 MiB, 4795 MiB, 100 %, 70 %
2018/01/17 10:02:01.705, Tesla M60, 7613 MiB, 4795 MiB, 100 %, 70 %
2018/01/17 10:02:01.806, Tesla M60, 7613 MiB, 4795 MiB, 100 %, 37 %
2018/01/17 10:02:01.906, Tesla M60, 7613 MiB, 4795 MiB, 100 %, 31 %
2018/01/17 10:02:02.006, Tesla M60, 7613 MiB, 4795 MiB, 100 %, 31 %
2018/01/17 10:02:02.107, Tesla M60, 7613 MiB, 4795 MiB, 100 %, 39 %
2018/01/17 10:02:02.207, Tesla M60, 7613 MiB, 4795 MiB, 100 %, 38 %
2018/01/17 10:02:02.307, Tesla M60, 7613 MiB, 4795 MiB, 100 %, 43 %
2018/01/17 10:02:02.408, Tesla M60, 7613 MiB, 4795 MiB, 100 %, 42 %
2018/01/17 10:02:02.508, Tesla M60, 7613 MiB, 4795 MiB, 100 %, 42 %
2018/01/17 10:02:02.608, Tesla M60, 7613 MiB, 4795 MiB, 100 %, 43 %
2018/01/17 10:02:02.708, Tesla M60, 7613 MiB, 4795 MiB, 100 %, 42 %
2018/01/17 10:02:02.809, Tesla M60, 7613 MiB, 4795 MiB, 100 %, 37 %
2018/01/17 10:02:02.909, Tesla M60, 7613 MiB, 4795 MiB, 100 %, 32 %
2018/01/17 10:02:03.009, Tesla M60, 7613 MiB, 4795 MiB, 100 %, 31 %
2018/01/17 10:02:03.110, Tesla M60, 7613 MiB, 4795 MiB, 100 %, 38 %
2018/01/17 10:02:03.210, Tesla M60, 7613 MiB, 4795 MiB, 100 %, 38 %
2018/01/17 10:02:03.310, Tesla M60, 7613 MiB, 4795 MiB, 100 %, 45 %
2018/01/17 10:02:03.411, Tesla M60, 7613 MiB, 4795 MiB, 100 %, 37 %
2018/01/17 10:02:03.511, Tesla M60, 7613 MiB, 4795 MiB, 100 %, 37 %
2018/01/17 10:02:03.611, Tesla M60, 7613 MiB, 4795 MiB, 95 %, 58 %
2018/01/17 10:02:03.711, Tesla M60, 7613 MiB, 4795 MiB, 95 %, 57 %
2018/01/17 10:02:03.812, Tesla M60, 7613 MiB, 4795 MiB, 100 %, 28 %
2018/01/17 10:02:03.912, Tesla M60, 7613 MiB, 4795 MiB, 100 %, 43 %
2018/01/17 10:02:04.012, Tesla M60, 7613 MiB, 4795 MiB, 100 %, 41 %
2018/01/17 10:02:04.113, Tesla M60, 7613 MiB, 4795 MiB, 100 %, 65 %
2018/01/17 10:02:04.213, Tesla M60, 7613 MiB, 4795 MiB, 100 %, 65 %
2018/01/17 10:02:04.313, Tesla M60, 7613 MiB, 4795 MiB, 100 %, 80 %
2018/01/17 10:02:04.414, Tesla M60, 7613 MiB, 4795 MiB, 100 %, 49 %
2018/01/17 10:02:04.514, Tesla M60, 7613 MiB, 4795 MiB, 100 %, 47 %
2018/01/17 10:02:04.614, Tesla M60, 7613 MiB, 4795 MiB, 100 %, 26 %
2018/01/17 10:02:04.715, Tesla M60, 7613 MiB, 4795 MiB, 100 %, 26 %
2018/01/17 10:02:04.815, Tesla M60, 7613 MiB, 4795 MiB, 100 %, 66 %
2018/01/17 10:02:04.915, Tesla M60, 7613 MiB, 4795 MiB, 100 %, 64 %
2018/01/17 10:02:05.016, Tesla M60, 7613 MiB, 4795 MiB, 100 %, 64 %
2018/01/17 10:02:05.116, Tesla M60, 7613 MiB, 4795 MiB, 100 %, 76 %
2018/01/17 10:02:05.216, Tesla M60, 7613 MiB, 4795 MiB, 100 %, 76 %
2018/01/17 10:02:05.317, Tesla M60, 7613 MiB, 4795 MiB, 100 %, 22 %
2018/01/17 10:02:05.417, Tesla M60, 7613 MiB, 4795 MiB, 100 %, 53 %
2018/01/17 10:02:05.517, Tesla M60, 7613 MiB, 4795 MiB, 100 %, 52 %
2018/01/17 10:02:05.618, Tesla M60, 7613 MiB, 4795 MiB, 100 %, 68 %
2018/01/17 10:02:05.718, Tesla M60, 7613 MiB, 4795 MiB, 100 %, 68 %
2018/01/17 10:02:05.818, Tesla M60, 7613 MiB, 4795 MiB, 100 %, 85 %
2018/01/17 10:02:05.918, Tesla M60, 7613 MiB, 4795 MiB, 100 %, 37 %
2018/01/17 10:02:06.019, Tesla M60, 7613 MiB, 4795 MiB, 100 %, 37 %
2018/01/17 10:02:06.119, Tesla M60, 7613 MiB, 4795 MiB, 100 %, 28 %
2018/01/17 10:02:06.219, Tesla M60, 7613 MiB, 4795 MiB, 100 %, 28 %
2018/01/17 10:02:06.320, Tesla M60, 7613 MiB, 4795 MiB, 100 %, 72 %
2018/01/17 10:02:06.420, Tesla M60, 7613 MiB, 4795 MiB, 100 %, 78 %
2018/01/17 10:02:06.520, Tesla M60, 7613 MiB, 4795 MiB, 100 %, 78 %
2018/01/17 10:02:06.621, Tesla M60, 7613 MiB, 4795 MiB, 100 %, 60 %
2018/01/17 10:02:06.721, Tesla M60, 7613 MiB, 4795 MiB, 100 %, 60 %
2018/01/17 10:02:06.821, Tesla M60, 7613 MiB, 4795 MiB, 100 %, 23 %
2018/01/17 10:02:06.921, Tesla M60, 7613 MiB, 4795 MiB, 100 %, 67 %
2018/01/17 10:02:07.022, Tesla M60, 7613 MiB, 4795 MiB, 100 %, 64 %
2018/01/17 10:02:07.122, Tesla M60, 7613 MiB, 4795 MiB, 100 %, 63 %
2018/01/17 10:02:07.222, Tesla M60, 7613 MiB, 4795 MiB, 100 %, 63 %
2018/01/17 10:02:07.323, Tesla M60, 7613 MiB, 4795 MiB, 100 %, 78 %
2018/01/17 10:02:07.423, Tesla M60, 7613 MiB, 4795 MiB, 100 %, 31 %
2018/01/17 10:02:07.523, Tesla M60, 7613 MiB, 4795 MiB, 100 %, 30 %
2018/01/17 10:02:07.624, Tesla M60, 7613 MiB, 4795 MiB, 100 %, 41 %
2018/01/17 10:02:07.724, Tesla M60, 7613 MiB, 4795 MiB, 100 %, 41 %
2018/01/17 10:02:07.824, Tesla M60, 7613 MiB, 4795 MiB, 100 %, 66 %
2018/01/17 10:02:07.924, Tesla M60, 7613 MiB, 4795 MiB, 100 %, 80 %
2018/01/17 10:02:08.025, Tesla M60, 7613 MiB, 4795 MiB, 100 %, 80 %
2018/01/17 10:02:08.125, Tesla M60, 7613 MiB, 4795 MiB, 100 %, 49 %
2018/01/17 10:02:08.225, Tesla M60, 7613 MiB, 4795 MiB, 100 %, 47 %
2018/01/17 10:02:08.326, Tesla M60, 7613 MiB, 4795 MiB, 100 %, 24 %
2018/01/17 10:02:08.426, Tesla M60, 7613 MiB, 4795 MiB, 100 %, 66 %
2018/01/17 10:02:08.526, Tesla M60, 7613 MiB, 4795 MiB, 100 %, 66 %
2018/01/17 10:02:08.626, Tesla M60, 7613 MiB, 4795 MiB, 100 %, 65 %
2018/01/17 10:02:08.727, Tesla M60, 7613 MiB, 4795 MiB, 100 %, 65 %
2018/01/17 10:02:08.827, Tesla M60, 7613 MiB, 4795 MiB, 100 %, 74 %
2018/01/17 10:02:08.927, Tesla M60, 7613 MiB, 4795 MiB, 100 %, 25 %
2018/01/17 10:02:09.028, Tesla M60, 7613 MiB, 4795 MiB, 100 %, 24 %
2018/01/17 10:02:09.128, Tesla M60, 7613 MiB, 4795 MiB, 100 %, 47 %
2018/01/17 10:02:09.228, Tesla M60, 7613 MiB, 4795 MiB, 100 %, 47 %
2018/01/17 10:02:09.329, Tesla M60, 7613 MiB, 4795 MiB, 100 %, 64 %
2018/01/17 10:02:09.429, Tesla M60, 7613 MiB, 4795 MiB, 100 %, 87 %
2018/01/17 10:02:09.529, Tesla M60, 7613 MiB, 4795 MiB, 100 %, 87 %
2018/01/17 10:02:09.629, Tesla M60, 7613 MiB, 4795 MiB, 100 %, 40 %
2018/01/17 10:02:09.730, Tesla M60, 7613 MiB, 4795 MiB, 100 %, 38 %
2018/01/17 10:02:09.830, Tesla M60, 7613 MiB, 4795 MiB, 100 %, 28 %
2018/01/17 10:02:09.930, Tesla M60, 7613 MiB, 4795 MiB, 100 %, 71 %
2018/01/17 10:02:10.031, Tesla M60, 7613 MiB, 4795 MiB, 100 %, 71 %
2018/01/17 10:02:10.131, Tesla M60, 7613 MiB, 4795 MiB, 100 %, 69 %
2018/01/17 10:02:10.231, Tesla M60, 7613 MiB, 4795 MiB, 100 %, 64 %
2018/01/17 10:02:10.333, Tesla M60, 7613 MiB, 4795 MiB, 100 %, 64 %
2018/01/17 10:02:10.433, Tesla M60, 7613 MiB, 4795 MiB, 100 %, 22 %
2018/01/17 10:02:10.533, Tesla M60, 7613 MiB, 4795 MiB, 100 %, 22 %
2018/01/17 10:02:10.634, Tesla M60, 7613 MiB, 4795 MiB, 100 %, 64 %
2018/01/17 10:02:10.734, Tesla M60, 7613 MiB, 4795 MiB, 100 %, 64 %
2018/01/17 10:02:10.834, Tesla M60, 7613 MiB, 4795 MiB, 100 %, 64 %
2018/01/17 10:02:10.934, Tesla M60, 7613 MiB, 4795 MiB, 100 %, 80 %
2018/01/17 10:02:11.035, Tesla M60, 7613 MiB, 4795 MiB, 100 %, 78 %
2018/01/17 10:02:11.135, Tesla M60, 7613 MiB, 4795 MiB, 100 %, 29 %
2018/01/17 10:02:11.235, Tesla M60, 7613 MiB, 4795 MiB, 100 %, 44 %
2018/01/17 10:02:11.336, Tesla M60, 7613 MiB, 4795 MiB, 100 %, 41 %
2018/01/17 10:02:11.436, Tesla M60, 7613 MiB, 4795 MiB, 100 %, 69 %
2018/01/17 10:02:11.536, Tesla M60, 7613 MiB, 4795 MiB, 100 %, 66 %
2018/01/17 10:02:11.636, Tesla M60, 7613 MiB, 4795 MiB, 100 %, 80 %
2018/01/17 10:02:11.737, Tesla M60, 7613 MiB, 4795 MiB, 100 %, 49 %
2018/01/17 10:02:11.837, Tesla M60, 7613 MiB, 4795 MiB, 100 %, 49 %
2018/01/17 10:02:11.937, Tesla M60, 7613 MiB, 4795 MiB, 100 %, 24 %
2018/01/17 10:02:12.038, Tesla M60, 7613 MiB, 4795 MiB, 100 %, 24 %
2018/01/17 10:02:12.138, Tesla M60, 7613 MiB, 4795 MiB, 100 %, 69 %
2018/01/17 10:02:12.238, Tesla M60, 7613 MiB, 4795 MiB, 100 %, 63 %
2018/01/17 10:02:12.339, Tesla M60, 7613 MiB, 4795 MiB, 100 %, 63 %
2018/01/17 10:02:12.439, Tesla M60, 7613 MiB, 4795 MiB, 100 %, 78 %
2018/01/17 10:02:12.539, Tesla M60, 7613 MiB, 4795 MiB, 100 %, 77 %
2018/01/17 10:02:12.639, Tesla M60, 7613 MiB, 4795 MiB, 100 %, 25 %
2018/01/17 10:02:12.740, Tesla M60, 7613 MiB, 4795 MiB, 100 %, 49 %
2018/01/17 10:02:12.840, Tesla M60, 7613 MiB, 4795 MiB, 100 %, 47 %
2018/01/17 10:02:12.940, Tesla M60, 7613 MiB, 4795 MiB, 100 %, 69 %
2018/01/17 10:02:13.041, Tesla M60, 7613 MiB, 4795 MiB, 100 %, 66 %
2018/01/17 10:02:13.141, Tesla M60, 7613 MiB, 4795 MiB, 100 %, 83 %
2018/01/17 10:02:13.241, Tesla M60, 7613 MiB, 4795 MiB, 100 %, 40 %
2018/01/17 10:02:13.341, Tesla M60, 7613 MiB, 4795 MiB, 100 %, 39 %
2018/01/17 10:02:13.442, Tesla M60, 7613 MiB, 4795 MiB, 100 %, 27 %
2018/01/17 10:02:13.542, Tesla M60, 7613 MiB, 4795 MiB, 100 %, 27 %
2018/01/17 10:02:13.642, Tesla M60, 7613 MiB, 4795 MiB, 100 %, 71 %
2018/01/17 10:02:13.743, Tesla M60, 7613 MiB, 4795 MiB, 100 %, 72 %
2018/01/17 10:02:13.843, Tesla M60, 7613 MiB, 4795 MiB, 100 %, 72 %
2018/01/17 10:02:13.943, Tesla M60, 7613 MiB, 4795 MiB, 100 %, 65 %
2018/01/17 10:02:14.044, Tesla M60, 7613 MiB, 4795 MiB, 100 %, 63 %
2018/01/17 10:02:14.144, Tesla M60, 7613 MiB, 4795 MiB, 100 %, 24 %
2018/01/17 10:02:14.244, Tesla M60, 7613 MiB, 4795 MiB, 100 %, 66 %
2018/01/17 10:02:14.344, Tesla M60, 7613 MiB, 4795 MiB, 100 %, 65 %
2018/01/17 10:02:14.445, Tesla M60, 7613 MiB, 4795 MiB, 100 %, 61 %
2018/01/17 10:02:14.545, Tesla M60, 7613 MiB, 4795 MiB, 100 %, 61 %
2018/01/17 10:02:14.645, Tesla M60, 7613 MiB, 4795 MiB, 100 %, 79 %
2018/01/17 10:02:14.746, Tesla M60, 7613 MiB, 4795 MiB, 100 %, 30 %
2018/01/17 10:02:14.846, Tesla M60, 7613 MiB, 4795 MiB, 100 %, 30 %
2018/01/17 10:02:14.946, Tesla M60, 7613 MiB, 4795 MiB, 100 %, 39 %
2018/01/17 10:02:15.046, Tesla M60, 7613 MiB, 4795 MiB, 100 %, 39 %
2018/01/17 10:02:15.147, Tesla M60, 7613 MiB, 4795 MiB, 100 %, 66 %
2018/01/17 10:02:15.247, Tesla M60, 7613 MiB, 4795 MiB, 100 %, 81 %
2018/01/17 10:02:15.347, Tesla M60, 7613 MiB, 4795 MiB, 100 %, 81 %
2018/01/17 10:02:15.448, Tesla M60, 7613 MiB, 4795 MiB, 100 %, 50 %
2018/01/17 10:02:15.548, Tesla M60, 7613 MiB, 4795 MiB, 100 %, 48 %
2018/01/17 10:02:15.648, Tesla M60, 7613 MiB, 4795 MiB, 100 %, 23 %
2018/01/17 10:02:15.749, Tesla M60, 7613 MiB, 4795 MiB, 100 %, 66 %
2018/01/17 10:02:15.849, Tesla M60, 7613 MiB, 4795 MiB, 100 %, 66 %
2018/01/17 10:02:15.949, Tesla M60, 7613 MiB, 4795 MiB, 100 %, 65 %
2018/01/17 10:02:16.049, Tesla M60, 7613 MiB, 4795 MiB, 100 %, 65 %
2018/01/17 10:02:16.150, Tesla M60, 7613 MiB, 4795 MiB, 100 %, 73 %
2018/01/17 10:02:16.250, Tesla M60, 7613 MiB, 4795 MiB, 100 %, 25 %
2018/01/17 10:02:16.350, Tesla M60, 7613 MiB, 4795 MiB, 100 %, 24 %
2018/01/17 10:02:16.451, Tesla M60, 7613 MiB, 4795 MiB, 100 %, 49 %
2018/01/17 10:02:16.551, Tesla M60, 7613 MiB, 4795 MiB, 100 %, 49 %
2018/01/17 10:02:16.651, Tesla M60, 7613 MiB, 4795 MiB, 100 %, 65 %
2018/01/17 10:02:16.752, Tesla M60, 7613 MiB, 4795 MiB, 100 %, 86 %
2018/01/17 10:02:16.852, Tesla M60, 7613 MiB, 4795 MiB, 100 %, 86 %
2018/01/17 10:02:16.952, Tesla M60, 7613 MiB, 4795 MiB, 100 %, 41 %
2018/01/17 10:02:17.052, Tesla M60, 7613 MiB, 4795 MiB, 100 %, 40 %
2018/01/17 10:02:17.153, Tesla M60, 7613 MiB, 4795 MiB, 100 %, 28 %
2018/01/17 10:02:17.253, Tesla M60, 7613 MiB, 4795 MiB, 100 %, 73 %
2018/01/17 10:02:17.353, Tesla M60, 7613 MiB, 4795 MiB, 100 %, 71 %
2018/01/17 10:02:17.454, Tesla M60, 7613 MiB, 4795 MiB, 100 %, 73 %
2018/01/17 10:02:17.554, Tesla M60, 7613 MiB, 4795 MiB, 100 %, 71 %
2018/01/17 10:02:17.654, Tesla M60, 7613 MiB, 4795 MiB, 100 %, 64 %
2018/01/17 10:02:17.754, Tesla M60, 7613 MiB, 4795 MiB, 100 %, 22 %
2018/01/17 10:02:17.855, Tesla M60, 7613 MiB, 4795 MiB, 100 %, 21 %
2018/01/17 10:02:17.955, Tesla M60, 7613 MiB, 4795 MiB, 100 %, 61 %
2018/01/17 10:02:18.055, Tesla M60, 7613 MiB, 4795 MiB, 100 %, 61 %
2018/01/17 10:02:18.156, Tesla M60, 7613 MiB, 4795 MiB, 100 %, 68 %
2018/01/17 10:02:18.256, Tesla M60, 7613 MiB, 4795 MiB, 100 %, 81 %
2018/01/17 10:02:18.356, Tesla M60, 7613 MiB, 4795 MiB, 100 %, 77 %
2018/01/17 10:02:18.457, Tesla M60, 7613 MiB, 4795 MiB, 100 %, 31 %
2018/01/17 10:02:18.557, Tesla M60, 7613 MiB, 4795 MiB, 100 %, 30 %
2018/01/17 10:02:18.657, Tesla M60, 7613 MiB, 4795 MiB, 100 %, 34 %
2018/01/17 10:02:18.757, Tesla M60, 7613 MiB, 4795 MiB, 100 %, 67 %
2018/01/17 10:02:18.858, Tesla M60, 7613 MiB, 4795 MiB, 100 %, 67 %
2018/01/17 10:02:18.958, Tesla M60, 7613 MiB, 4795 MiB, 100 %, 81 %
2018/01/17 10:02:19.058, Tesla M60, 7613 MiB, 4795 MiB, 100 %, 79 %
2018/01/17 10:02:19.159, Tesla M60, 7613 MiB, 4795 MiB, 100 %, 55 %
2018/01/17 10:02:19.259, Tesla M60, 7613 MiB, 4795 MiB, 100 %, 25 %
2018/01/17 10:02:19.360, Tesla M60, 7613 MiB, 4795 MiB, 100 %, 25 %
2018/01/17 10:02:19.461, Tesla M60, 7613 MiB, 4795 MiB, 100 %, 61 %
2018/01/17 10:02:19.561, Tesla M60, 7613 MiB, 4795 MiB, 100 %, 61 %
2018/01/17 10:02:19.661, Tesla M60, 7613 MiB, 4795 MiB, 100 %, 61 %
2018/01/17 10:02:19.761, Tesla M60, 7613 MiB, 4795 MiB, 100 %, 81 %
2018/01/17 10:02:19.862, Tesla M60, 7613 MiB, 4795 MiB, 100 %, 79 %
2018/01/17 10:02:19.962, Tesla M60, 7613 MiB, 4795 MiB, 100 %, 27 %
2018/01/17 10:02:20.062, Tesla M60, 7613 MiB, 4795 MiB, 100 %, 25 %
2018/01/17 10:02:20.163, Tesla M60, 7613 MiB, 4795 MiB, 100 %, 47 %
2018/01/17 10:02:20.263, Tesla M60, 7613 MiB, 4795 MiB, 100 %, 67 %
2018/01/17 10:02:20.363, Tesla M60, 7613 MiB, 4795 MiB, 100 %, 63 %
2018/01/17 10:02:20.464, Tesla M60, 7613 MiB, 4795 MiB, 100 %, 84 %
2018/01/17 10:02:20.564, Tesla M60, 7613 MiB, 4795 MiB, 100 %, 82 %
2018/01/17 10:02:20.664, Tesla M60, 7613 MiB, 4795 MiB, 100 %, 44 %
2018/01/17 10:02:20.764, Tesla M60, 7613 MiB, 4795 MiB, 100 %, 28 %
2018/01/17 10:02:20.865, Tesla M60, 7613 MiB, 4795 MiB, 100 %, 28 %
2018/01/17 10:02:20.965, Tesla M60, 7613 MiB, 4795 MiB, 100 %, 69 %
2018/01/17 10:02:21.065, Tesla M60, 7613 MiB, 4795 MiB, 100 %, 69 %
2018/01/17 10:02:21.166, Tesla M60, 7613 MiB, 4795 MiB, 100 %, 69 %
2018/01/17 10:02:21.266, Tesla M60, 7613 MiB, 4795 MiB, 100 %, 69 %
2018/01/17 10:02:21.366, Tesla M60, 7613 MiB, 4795 MiB, 100 %, 69 %
2018/01/17 10:02:21.466, Tesla M60, 7613 MiB, 4795 MiB, 100 %, 23 %
2018/01/17 10:02:21.567, Tesla M60, 7613 MiB, 4795 MiB, 100 %, 23 %
2018/01/17 10:02:21.667, Tesla M60, 7613 MiB, 4795 MiB, 100 %, 52 %
2018/01/17 10:02:21.767, Tesla M60, 7613 MiB, 4795 MiB, 100 %, 69 %
2018/01/17 10:02:21.868, Tesla M60, 7613 MiB, 4795 MiB, 100 %, 66 %
2018/01/17 10:02:21.968, Tesla M60, 7613 MiB, 4795 MiB, 100 %, 86 %
2018/01/17 10:02:22.068, Tesla M60, 7613 MiB, 4795 MiB, 100 %, 84 %
2018/01/17 10:02:22.169, Tesla M60, 7613 MiB, 4795 MiB, 100 %, 35 %
2018/01/17 10:02:22.269, Tesla M60, 7613 MiB, 4795 MiB, 100 %, 27 %
2018/01/17 10:02:22.369, Tesla M60, 7613 MiB, 4795 MiB, 100 %, 27 %
2018/01/17 10:02:22.469, Tesla M60, 7613 MiB, 4795 MiB, 100 %, 70 %
2018/01/17 10:02:22.570, Tesla M60, 7613 MiB, 4795 MiB, 100 %, 67 %
2018/01/17 10:02:22.671, Tesla M60, 7613 MiB, 4795 MiB, 100 %, 78 %
2018/01/17 10:02:22.771, Tesla M60, 7613 MiB, 4795 MiB, 100 %, 59 %
2018/01/17 10:02:22.871, Tesla M60, 7613 MiB, 4795 MiB, 100 %, 59 %
2018/01/17 10:02:22.972, Tesla M60, 7613 MiB, 4795 MiB, 100 %, 22 %
2018/01/17 10:02:23.072, Tesla M60, 7613 MiB, 4795 MiB, 100 %, 22 %
2018/01/17 10:02:23.172, Tesla M60, 7613 MiB, 4795 MiB, 100 %, 60 %
2018/01/17 10:02:23.272, Tesla M60, 7613 MiB, 4795 MiB, 100 %, 63 %
2018/01/17 10:02:23.373, Tesla M60, 7613 MiB, 4795 MiB, 100 %, 63 %
2018/01/17 10:02:23.473, Tesla M60, 7613 MiB, 4795 MiB, 100 %, 83 %
2018/01/17 10:02:23.573, Tesla M60, 7613 MiB, 4795 MiB, 100 %, 79 %
2018/01/17 10:02:23.674, Tesla M60, 7613 MiB, 4795 MiB, 100 %, 30 %
2018/01/17 10:02:23.774, Tesla M60, 7613 MiB, 4795 MiB, 100 %, 39 %
2018/01/17 10:02:23.874, Tesla M60, 7613 MiB, 4795 MiB, 100 %, 39 %
2018/01/17 10:02:23.974, Tesla M60, 7613 MiB, 4795 MiB, 100 %, 64 %
2018/01/17 10:02:24.075, Tesla M60, 7613 MiB, 4795 MiB, 100 %, 64 %
2018/01/17 10:02:24.175, Tesla M60, 7613 MiB, 4795 MiB, 100 %, 82 %
2018/01/17 10:02:24.275, Tesla M60, 7613 MiB, 4795 MiB, 100 %, 50 %
2018/01/17 10:02:24.376, Tesla M60, 7613 MiB, 4795 MiB, 100 %, 50 %
2018/01/17 10:02:24.476, Tesla M60, 7613 MiB, 4795 MiB, 100 %, 24 %
2018/01/17 10:02:24.576, Tesla M60, 7613 MiB, 4795 MiB, 100 %, 24 %
2018/01/17 10:02:24.677, Tesla M60, 7613 MiB, 4795 MiB, 100 %, 65 %
2018/01/17 10:02:24.777, Tesla M60, 7613 MiB, 4795 MiB, 100 %, 63 %
2018/01/17 10:02:24.877, Tesla M60, 7613 MiB, 4795 MiB, 100 %, 63 %
2018/01/17 10:02:24.978, Tesla M60, 7613 MiB, 4795 MiB, 100 %, 74 %
2018/01/17 10:02:25.078, Tesla M60, 7613 MiB, 4795 MiB, 100 %, 74 %
2018/01/17 10:02:25.178, Tesla M60, 7613 MiB, 4795 MiB, 100 %, 25 %
2018/01/17 10:02:25.278, Tesla M60, 7613 MiB, 4795 MiB, 100 %, 47 %
2018/01/17 10:02:25.379, Tesla M60, 7613 MiB, 4795 MiB, 100 %, 47 %
2018/01/17 10:02:25.479, Tesla M60, 7613 MiB, 4795 MiB, 100 %, 65 %
2018/01/17 10:02:25.579, Tesla M60, 7613 MiB, 4795 MiB, 100 %, 65 %
2018/01/17 10:02:25.680, Tesla M60, 7613 MiB, 4795 MiB, 100 %, 87 %
2018/01/17 10:02:25.780, Tesla M60, 7613 MiB, 4795 MiB, 100 %, 41 %
2018/01/17 10:02:25.880, Tesla M60, 7613 MiB, 4795 MiB, 100 %, 40 %
2018/01/17 10:02:25.981, Tesla M60, 7613 MiB, 4795 MiB, 100 %, 29 %
2018/01/17 10:02:26.081, Tesla M60, 7613 MiB, 4795 MiB, 100 %, 29 %
2018/01/17 10:02:26.181, Tesla M60, 7613 MiB, 4795 MiB, 100 %, 69 %
2018/01/17 10:02:26.281, Tesla M60, 7613 MiB, 4795 MiB, 100 %, 70 %
2018/01/17 10:02:26.382, Tesla M60, 7613 MiB, 4795 MiB, 100 %, 70 %
2018/01/17 10:02:26.482, Tesla M60, 7613 MiB, 4795 MiB, 100 %, 65 %
2018/01/17 10:02:26.582, Tesla M60, 7613 MiB, 4795 MiB, 100 %, 64 %
2018/01/17 10:02:26.683, Tesla M60, 7613 MiB, 4795 MiB, 100 %, 22 %
2018/01/17 10:02:26.783, Tesla M60, 7613 MiB, 4795 MiB, 100 %, 63 %
2018/01/17 10:02:26.883, Tesla M60, 7613 MiB, 4795 MiB, 100 %, 60 %
2018/01/17 10:02:26.983, Tesla M60, 7613 MiB, 4795 MiB, 100 %, 68 %
2018/01/17 10:02:27.084, Tesla M60, 7613 MiB, 4795 MiB, 100 %, 68 %
2018/01/17 10:02:27.184, Tesla M60, 7613 MiB, 4795 MiB, 100 %, 78 %
2018/01/17 10:02:27.284, Tesla M60, 7613 MiB, 4795 MiB, 100 %, 33 %
2018/01/17 10:02:27.385, Tesla M60, 7613 MiB, 4795 MiB, 100 %, 32 %
2018/01/17 10:02:27.485, Tesla M60, 7613 MiB, 4795 MiB, 100 %, 32 %
2018/01/17 10:02:27.585, Tesla M60, 7613 MiB, 4795 MiB, 100 %, 32 %
2018/01/17 10:02:27.686, Tesla M60, 7613 MiB, 4795 MiB, 100 %, 65 %
2018/01/17 10:02:27.786, Tesla M60, 7613 MiB, 4795 MiB, 100 %, 81 %
2018/01/17 10:02:27.886, Tesla M60, 7613 MiB, 4795 MiB, 100 %, 81 %
2018/01/17 10:02:27.986, Tesla M60, 7613 MiB, 4795 MiB, 100 %, 55 %
2018/01/17 10:02:28.087, Tesla M60, 7613 MiB, 4795 MiB, 100 %, 55 %
2018/01/17 10:02:28.187, Tesla M60, 7613 MiB, 4795 MiB, 100 %, 25 %
2018/01/17 10:02:28.287, Tesla M60, 7613 MiB, 4795 MiB, 100 %, 61 %
2018/01/17 10:02:28.388, Tesla M60, 7613 MiB, 4795 MiB, 100 %, 61 %
2018/01/17 10:02:28.488, Tesla M60, 7613 MiB, 4795 MiB, 100 %, 67 %
2018/01/17 10:02:28.588, Tesla M60, 7613 MiB, 4795 MiB, 100 %, 66 %
2018/01/17 10:02:28.689, Tesla M60, 7613 MiB, 4795 MiB, 100 %, 77 %
2018/01/17 10:02:28.789, Tesla M60, 7613 MiB, 4795 MiB, 100 %, 27 %
2018/01/17 10:02:28.889, Tesla M60, 7613 MiB, 4795 MiB, 100 %, 25 %
2018/01/17 10:02:28.989, Tesla M60, 7613 MiB, 4795 MiB, 100 %, 45 %
2018/01/17 10:02:29.090, Tesla M60, 7613 MiB, 4795 MiB, 100 %, 44 %
2018/01/17 10:02:29.190, Tesla M60, 7613 MiB, 4795 MiB, 100 %, 63 %
2018/01/17 10:02:29.290, Tesla M60, 7613 MiB, 4795 MiB, 100 %, 84 %
2018/01/17 10:02:29.391, Tesla M60, 7613 MiB, 4795 MiB, 100 %, 84 %
2018/01/17 10:02:29.491, Tesla M60, 7613 MiB, 4795 MiB, 100 %, 48 %
2018/01/17 10:02:29.591, Tesla M60, 7613 MiB, 4795 MiB, 100 %, 46 %
2018/01/17 10:02:29.692, Tesla M60, 7613 MiB, 4795 MiB, 100 %, 26 %
2018/01/17 10:02:29.792, Tesla M60, 7613 MiB, 4795 MiB, 100 %, 68 %
2018/01/17 10:02:29.892, Tesla M60, 7613 MiB, 4795 MiB, 100 %, 68 %
2018/01/17 10:02:29.992, Tesla M60, 7613 MiB, 4795 MiB, 100 %, 69 %
2018/01/17 10:02:30.093, Tesla M60, 7613 MiB, 4795 MiB, 100 %, 69 %
2018/01/17 10:02:30.193, Tesla M60, 7613 MiB, 4795 MiB, 100 %, 70 %
2018/01/17 10:02:30.293, Tesla M60, 7613 MiB, 4795 MiB, 100 %, 24 %
2018/01/17 10:02:30.394, Tesla M60, 7613 MiB, 4795 MiB, 100 %, 22 %
2018/01/17 10:02:30.494, Tesla M60, 7613 MiB, 4795 MiB, 100 %, 52 %
2018/01/17 10:02:30.594, Tesla M60, 7613 MiB, 4795 MiB, 100 %, 52 %
2018/01/17 10:02:30.694, Tesla M60, 7613 MiB, 4795 MiB, 100 %, 66 %
2018/01/17 10:02:30.795, Tesla M60, 7613 MiB, 4795 MiB, 100 %, 85 %
2018/01/17 10:02:30.895, Tesla M60, 7613 MiB, 4795 MiB, 100 %, 83 %
2018/01/17 10:02:30.995, Tesla M60, 7613 MiB, 4795 MiB, 100 %, 37 %
2018/01/17 10:02:31.096, Tesla M60, 7613 MiB, 4795 MiB, 100 %, 36 %
2018/01/17 10:02:31.196, Tesla M60, 7613 MiB, 4795 MiB, 100 %, 27 %
2018/01/17 10:02:31.296, Tesla M60, 7613 MiB, 4795 MiB, 100 %, 69 %
2018/01/17 10:02:31.397, Tesla M60, 7613 MiB, 4795 MiB, 100 %, 69 %
2018/01/17 10:02:31.497, Tesla M60, 7613 MiB, 4795 MiB, 100 %, 75 %
2018/01/17 10:02:31.597, Tesla M60, 7613 MiB, 4795 MiB, 100 %, 74 %
2018/01/17 10:02:31.698, Tesla M60, 7613 MiB, 4795 MiB, 100 %, 60 %
2018/01/17 10:02:31.798, Tesla M60, 7613 MiB, 4795 MiB, 100 %, 23 %
2018/01/17 10:02:31.898, Tesla M60, 7613 MiB, 4795 MiB, 100 %, 23 %
2018/01/17 10:02:31.998, Tesla M60, 7613 MiB, 4795 MiB, 100 %, 63 %
2018/01/17 10:02:32.099, Tesla M60, 7613 MiB, 4795 MiB, 100 %, 63 %
2018/01/17 10:02:32.199, Tesla M60, 7613 MiB, 4795 MiB, 100 %, 63 %
2018/01/17 10:02:32.299, Tesla M60, 7613 MiB, 4795 MiB, 100 %, 82 %
2018/01/17 10:02:32.400, Tesla M60, 7613 MiB, 4795 MiB, 100 %, 80 %
2018/01/17 10:02:32.500, Tesla M60, 7613 MiB, 4795 MiB, 100 %, 29 %
2018/01/17 10:02:32.600, Tesla M60, 7613 MiB, 4795 MiB, 100 %, 28 %
2018/01/17 10:02:32.701, Tesla M60, 7613 MiB, 4795 MiB, 100 %, 40 %
2018/01/17 10:02:32.801, Tesla M60, 7613 MiB, 4795 MiB, 100 %, 65 %
2018/01/17 10:02:32.901, Tesla M60, 7613 MiB, 4795 MiB, 100 %, 65 %
2018/01/17 10:02:33.001, Tesla M60, 7613 MiB, 4795 MiB, 100 %, 81 %
2018/01/17 10:02:33.102, Tesla M60, 7613 MiB, 4795 MiB, 100 %, 80 %
2018/01/17 10:02:33.202, Tesla M60, 7613 MiB, 4795 MiB, 100 %, 50 %
2018/01/17 10:02:33.302, Tesla M60, 7613 MiB, 4795 MiB, 100 %, 24 %
2018/01/17 10:02:33.403, Tesla M60, 7613 MiB, 4795 MiB, 100 %, 24 %
2018/01/17 10:02:33.503, Tesla M60, 7613 MiB, 4795 MiB, 100 %, 67 %
2018/01/17 10:02:33.603, Tesla M60, 7613 MiB, 4795 MiB, 100 %, 67 %
2018/01/17 10:02:33.703, Tesla M60, 7613 MiB, 4795 MiB, 100 %, 60 %
2018/01/17 10:02:33.804, Tesla M60, 7613 MiB, 4795 MiB, 100 %, 77 %
2018/01/17 10:02:33.904, Tesla M60, 7613 MiB, 4795 MiB, 100 %, 76 %
2018/01/17 10:02:34.004, Tesla M60, 7613 MiB, 4795 MiB, 100 %, 25 %
2018/01/17 10:02:34.105, Tesla M60, 7613 MiB, 4795 MiB, 100 %, 24 %
2018/01/17 10:02:34.205, Tesla M60, 7613 MiB, 4795 MiB, 100 %, 46 %
2018/01/17 10:02:34.305, Tesla M60, 7613 MiB, 4795 MiB, 100 %, 67 %
2018/01/17 10:02:34.405, Tesla M60, 7613 MiB, 4795 MiB, 100 %, 64 %
2018/01/17 10:02:34.506, Tesla M60, 7613 MiB, 4795 MiB, 100 %, 87 %
2018/01/17 10:02:34.606, Tesla M60, 7613 MiB, 4795 MiB, 100 %, 84 %
2018/01/17 10:02:34.706, Tesla M60, 7613 MiB, 4795 MiB, 100 %, 41 %
2018/01/17 10:02:34.807, Tesla M60, 7613 MiB, 4795 MiB, 100 %, 26 %
2018/01/17 10:02:34.907, Tesla M60, 7613 MiB, 4795 MiB, 100 %, 26 %
2018/01/17 10:02:35.007, Tesla M60, 7613 MiB, 4795 MiB, 100 %, 68 %
2018/01/17 10:02:35.108, Tesla M60, 7613 MiB, 4795 MiB, 100 %, 67 %
2018/01/17 10:02:35.208, Tesla M60, 7613 MiB, 4795 MiB, 100 %, 72 %
2018/01/17 10:02:35.308, Tesla M60, 7613 MiB, 4795 MiB, 100 %, 66 %
2018/01/17 10:02:35.408, Tesla M60, 7613 MiB, 4795 MiB, 100 %, 64 %
2018/01/17 10:02:35.509, Tesla M60, 7613 MiB, 4795 MiB, 100 %, 22 %
2018/01/17 10:02:35.609, Tesla M60, 7613 MiB, 4795 MiB, 100 %, 22 %
2018/01/17 10:02:35.709, Tesla M60, 7613 MiB, 4795 MiB, 100 %, 58 %
2018/01/17 10:02:35.810, Tesla M60, 7613 MiB, 4795 MiB, 100 %, 69 %
2018/01/17 10:02:35.910, Tesla M60, 7613 MiB, 4795 MiB, 100 %, 66 %
2018/01/17 10:02:36.010, Tesla M60, 7613 MiB, 4795 MiB, 100 %, 80 %
2018/01/17 10:02:36.110, Tesla M60, 7613 MiB, 4795 MiB, 100 %, 78 %
2018/01/17 10:02:36.211, Tesla M60, 7613 MiB, 4795 MiB, 100 %, 33 %
2018/01/17 10:02:36.311, Tesla M60, 7613 MiB, 4795 MiB, 100 %, 29 %
2018/01/17 10:02:36.411, Tesla M60, 7613 MiB, 4795 MiB, 100 %, 29 %
2018/01/17 10:02:36.512, Tesla M60, 7613 MiB, 4795 MiB, 100 %, 69 %
2018/01/17 10:02:36.612, Tesla M60, 7613 MiB, 4795 MiB, 100 %, 69 %
2018/01/17 10:02:36.712, Tesla M60, 7613 MiB, 4795 MiB, 100 %, 78 %
2018/01/17 10:02:36.813, Tesla M60, 7613 MiB, 4795 MiB, 100 %, 59 %
2018/01/17 10:02:36.913, Tesla M60, 7613 MiB, 4795 MiB, 100 %, 59 %
2018/01/17 10:02:37.013, Tesla M60, 7613 MiB, 4795 MiB, 100 %, 26 %
2018/01/17 10:02:37.113, Tesla M60, 7613 MiB, 4795 MiB, 100 %, 26 %
2018/01/17 10:02:37.214, Tesla M60, 7613 MiB, 4795 MiB, 100 %, 62 %
2018/01/17 10:02:37.314, Tesla M60, 7613 MiB, 4795 MiB, 100 %, 63 %
2018/01/17 10:02:37.414, Tesla M60, 7613 MiB, 4795 MiB, 100 %, 63 %
2018/01/17 10:02:37.515, Tesla M60, 7613 MiB, 4795 MiB, 100 %, 78 %
2018/01/17 10:02:37.615, Tesla M60, 7613 MiB, 4795 MiB, 100 %, 78 %
2018/01/17 10:02:37.715, Tesla M60, 7613 MiB, 4795 MiB, 100 %, 24 %
2018/01/17 10:02:37.815, Tesla M60, 7613 MiB, 4795 MiB, 100 %, 46 %
2018/01/17 10:02:37.916, Tesla M60, 7613 MiB, 4795 MiB, 100 %, 44 %
2018/01/17 10:02:38.016, Tesla M60, 7613 MiB, 4795 MiB, 100 %, 66 %
2018/01/17 10:02:38.116, Tesla M60, 7613 MiB, 4795 MiB, 100 %, 66 %
2018/01/17 10:02:38.217, Tesla M60, 7613 MiB, 4795 MiB, 100 %, 81 %
2018/01/17 10:02:38.317, Tesla M60, 7613 MiB, 4795 MiB, 100 %, 48 %
2018/01/17 10:02:38.417, Tesla M60, 7613 MiB, 4795 MiB, 100 %, 47 %
2018/01/17 10:02:38.517, Tesla M60, 7613 MiB, 4795 MiB, 100 %, 23 %
2018/01/17 10:02:38.618, Tesla M60, 7613 MiB, 4795 MiB, 100 %, 68 %
2018/01/17 10:02:38.719, Tesla M60, 7613 MiB, 4795 MiB, 100 %, 66 %
2018/01/17 10:02:38.820, Tesla M60, 7613 MiB, 4795 MiB, 100 %, 64 %
2018/01/17 10:02:38.920, Tesla M60, 7613 MiB, 4795 MiB, 100 %, 64 %
2018/01/17 10:02:39.020, Tesla M60, 7613 MiB, 4795 MiB, 100 %, 76 %
2018/01/17 10:02:39.120, Tesla M60, 7613 MiB, 4795 MiB, 100 %, 26 %
2018/01/17 10:02:39.221, Tesla M60, 7613 MiB, 4795 MiB, 100 %, 24 %
2018/01/17 10:02:39.321, Tesla M60, 7613 MiB, 4795 MiB, 100 %, 49 %
2018/01/17 10:02:39.421, Tesla M60, 7613 MiB, 4795 MiB, 100 %, 49 %
2018/01/17 10:02:39.522, Tesla M60, 7613 MiB, 4795 MiB, 100 %, 62 %
2018/01/17 10:02:39.622, Tesla M60, 7613 MiB, 4795 MiB, 100 %, 80 %
2018/01/17 10:02:39.722, Tesla M60, 7613 MiB, 4795 MiB, 100 %, 77 %
2018/01/17 10:02:39.823, Tesla M60, 7613 MiB, 4795 MiB, 100 %, 34 %
2018/01/17 10:02:39.923, Tesla M60, 7613 MiB, 4795 MiB, 100 %, 33 %
2018/01/17 10:02:40.023, Tesla M60, 7613 MiB, 4795 MiB, 100 %, 31 %
2018/01/17 10:02:40.123, Tesla M60, 7613 MiB, 4795 MiB, 100 %, 43 %
2018/01/17 10:02:40.224, Tesla M60, 7613 MiB, 4795 MiB, 100 %, 43 %
2018/01/17 10:02:40.324, Tesla M60, 7613 MiB, 4795 MiB, 100 %, 43 %
2018/01/17 10:02:40.424, Tesla M60, 7613 MiB, 4795 MiB, 100 %, 43 %
2018/01/17 10:02:40.525, Tesla M60, 7613 MiB, 4795 MiB, 100 %, 42 %
2018/01/17 10:02:40.625, Tesla M60, 7613 MiB, 4795 MiB, 100 %, 41 %
2018/01/17 10:02:40.725, Tesla M60, 7613 MiB, 4795 MiB, 100 %, 39 %
2018/01/17 10:02:40.825, Tesla M60, 7613 MiB, 4795 MiB, 100 %, 34 %
2018/01/17 10:02:40.926, Tesla M60, 7613 MiB, 4795 MiB, 100 %, 33 %
2018/01/17 10:02:41.026, Tesla M60, 7613 MiB, 4795 MiB, 100 %, 34 %
2018/01/17 10:02:41.126, Tesla M60, 7613 MiB, 4795 MiB, 100 %, 44 %
2018/01/17 10:02:41.227, Tesla M60, 7613 MiB, 4795 MiB, 100 %, 44 %
2018/01/17 10:02:41.327, Tesla M60, 7613 MiB, 4795 MiB, 100 %, 42 %
2018/01/17 10:02:41.427, Tesla M60, 7613 MiB, 4795 MiB, 100 %, 41 %
2018/01/17 10:02:41.527, Tesla M60, 7613 MiB, 4795 MiB, 100 %, 37 %
2018/01/17 10:02:41.628, Tesla M60, 7613 MiB, 4795 MiB, 51 %, 10 %
2018/01/17 10:02:41.728, Tesla M60, 7613 MiB, 4795 MiB, 51 %, 10 %
2018/01/17 10:02:41.828, Tesla M60, 7613 MiB, 4795 MiB, 0 %, 0 %
2018/01/17 10:02:41.929, Tesla M60, 7613 MiB, 4795 MiB, 0 %, 0 %
2018/01/17 10:02:42.029, Tesla M60, 7613 MiB, 4795 MiB, 0 %, 0 %
2018/01/17 10:02:42.129, Tesla M60, 7613 MiB, 4795 MiB, 0 %, 0 %
2018/01/17 10:02:42.230, Tesla M60, 7613 MiB, 4795 MiB, 0 %, 0 %
2018/01/17 10:02:42.330, Tesla M60, 7613 MiB, 4795 MiB, 0 %, 0 %
2018/01/17 10:02:42.430, Tesla M60, 7613 MiB, 4795 MiB, 0 %, 0 %
2018/01/17 10:02:42.530, Tesla M60, 7613 MiB, 4795 MiB, 0 %, 0 %
2018/01/17 10:02:42.631, Tesla M60, 7613 MiB, 4795 MiB, 0 %, 0 %
2018/01/17 10:02:42.731, Tesla M60, 7613 MiB, 4795 MiB, 0 %, 0 %
2018/01/17 10:02:42.831, Tesla M60, 7613 MiB, 4795 MiB, 0 %, 0 %
2018/01/17 10:02:42.932, Tesla M60, 7613 MiB, 4795 MiB, 0 %, 0 %
2018/01/17 10:02:43.032, Tesla M60, 7613 MiB, 4795 MiB, 0 %, 0 %
2018/01/17 10:02:43.132, Tesla M60, 7613 MiB, 4795 MiB, 0 %, 0 %
2018/01/17 10:02:43.232, Tesla M60, 7613 MiB, 4795 MiB, 0 %, 0 %
2018/01/17 10:02:43.333, Tesla M60, 7613 MiB, 4795 MiB, 0 %, 0 %
2018/01/17 10:02:43.433, Tesla M60, 7613 MiB, 4795 MiB, 0 %, 0 %
2018/01/17 10:02:43.533, Tesla M60, 7613 MiB, 4795 MiB, 0 %, 0 %
2018/01/17 10:02:43.634, Tesla M60, 7613 MiB, 4795 MiB, 0 %, 0 %
2018/01/17 10:02:43.734, Tesla M60, 7613 MiB, 4795 MiB, 0 %, 0 %
2018/01/17 10:02:43.834, Tesla M60, 7613 MiB, 4795 MiB, 0 %, 0 %
2018/01/17 10:02:43.935, Tesla M60, 7613 MiB, 4795 MiB, 0 %, 0 %
2018/01/17 10:02:44.035, Tesla M60, 7613 MiB, 4795 MiB, 0 %, 0 %
2018/01/17 10:02:44.135, Tesla M60, 7613 MiB, 4795 MiB, 0 %, 0 %
2018/01/17 10:02:44.235, Tesla M60, 7613 MiB, 4795 MiB, 0 %, 0 %
2018/01/17 10:02:44.336, Tesla M60, 7613 MiB, 4795 MiB, 0 %, 0 %
2018/01/17 10:02:44.436, Tesla M60, 7613 MiB, 4795 MiB, 0 %, 0 %
2018/01/17 10:02:44.536, Tesla M60, 7613 MiB, 4795 MiB, 0 %, 0 %
2018/01/17 10:02:44.637, Tesla M60, 7613 MiB, 4795 MiB, 0 %, 0 %
2018/01/17 10:02:44.737, Tesla M60, 7613 MiB, 4795 MiB, 0 %, 0 %
2018/01/17 10:02:44.837, Tesla M60, 7613 MiB, 4795 MiB, 0 %, 0 %
2018/01/17 10:02:44.938, Tesla M60, 7613 MiB, 4795 MiB, 0 %, 0 %
2018/01/17 10:02:45.038, Tesla M60, 7613 MiB, 4795 MiB, 0 %, 0 %
2018/01/17 10:02:45.138, Tesla M60, 7613 MiB, 4795 MiB, 0 %, 0 %
2018/01/17 10:02:45.238, Tesla M60, 7613 MiB, 4795 MiB, 0 %, 0 %
2018/01/17 10:02:45.339, Tesla M60, 7613 MiB, 4795 MiB, 0 %, 0 %
2018/01/17 10:02:45.439, Tesla M60, 7613 MiB, 4795 MiB, 0 %, 0 %
2018/01/17 10:02:45.539, Tesla M60, 7613 MiB, 4795 MiB, 0 %, 0 %
2018/01/17 10:02:45.640, Tesla M60, 7613 MiB, 4795 MiB, 0 %, 0 %
2018/01/17 10:02:45.740, Tesla M60, 7613 MiB, 4795 MiB, 0 %, 0 %
2018/01/17 10:02:45.840, Tesla M60, 7613 MiB, 4795 MiB, 0 %, 0 %
2018/01/17 10:02:45.941, Tesla M60, 7613 MiB, 4795 MiB, 0 %, 0 %
2018/01/17 10:02:46.041, Tesla M60, 7613 MiB, 4795 MiB, 0 %, 0 %
2018/01/17 10:02:46.141, Tesla M60, 7613 MiB, 4795 MiB, 0 %, 0 %
2018/01/17 10:02:46.241, Tesla M60, 7613 MiB, 4795 MiB, 0 %, 0 %
2018/01/17 10:02:46.342, Tesla M60, 7613 MiB, 4795 MiB, 0 %, 0 %
2018/01/17 10:02:46.442, Tesla M60, 7613 MiB, 4795 MiB, 0 %, 0 %
2018/01/17 10:02:46.542, Tesla M60, 7613 MiB, 4795 MiB, 0 %, 0 %
2018/01/17 10:02:46.643, Tesla M60, 7613 MiB, 4795 MiB, 0 %, 0 %
2018/01/17 10:02:46.743, Tesla M60, 7613 MiB, 4795 MiB, 0 %, 0 %
2018/01/17 10:02:46.843, Tesla M60, 7613 MiB, 4795 MiB, 0 %, 0 %
2018/01/17 10:02:46.943, Tesla M60, 7613 MiB, 4795 MiB, 0 %, 0 %
2018/01/17 10:02:47.044, Tesla M60, 7613 MiB, 4795 MiB, 0 %, 0 %
2018/01/17 10:02:47.144, Tesla M60, 7613 MiB, 4795 MiB, 0 %, 0 %
2018/01/17 10:02:47.244, Tesla M60, 7613 MiB, 4795 MiB, 0 %, 0 %
2018/01/17 10:02:47.345, Tesla M60, 7613 MiB, 4795 MiB, 0 %, 0 %
2018/01/17 10:02:47.445, Tesla M60, 7613 MiB, 4795 MiB, 0 %, 0 %
2018/01/17 10:02:47.545, Tesla M60, 7613 MiB, 4795 MiB, 0 %, 0 %
2018/01/17 10:02:47.646, Tesla M60, 7613 MiB, 4795 MiB, 0 %, 0 %
2018/01/17 10:02:47.746, Tesla M60, 7613 MiB, 4795 MiB, 0 %, 0 %
2018/01/17 10:02:47.846, Tesla M60, 7613 MiB, 4793 MiB, 0 %, 0 %
